time,A_Central,A_Depot
0.0,0.0,0.0
0.04809619238476954,0.0,0.0
0.09619238476953908,0.0,0.0
0.14428857715430862,0.0,0.0
0.19238476953907815,0.0,0.0
0.24048096192384769,0.0,0.0
0.28857715430861725,0.0,0.0
0.3366733466933868,0.0,0.0
0.3847695390781563,0.0,0.0
0.43286573146292584,0.0,0.0
0.48096192384769537,0.0,0.0
0.5290581162324649,0.0,0.0
0.5771543086172345,0.0,0.0
0.625250501002004,0.0,0.0
0.6733466933867736,0.0,0.0
0.721442885771543,0.0,0.0
0.7695390781563126,0.0,0.0
0.8176352705410822,0.0,0.0
0.8657314629258517,0.0,0.0
0.9138276553106213,0.0,0.0
0.9619238476953907,0.0,0.0
1.0100200400801602,0.0,0.0
1.0581162324649298,0.0,0.0
1.1062124248496994,0.0,0.0
1.154308617234469,0.0,0.0
1.2024048096192386,0.0,0.0
1.250501002004008,0.0,0.0
1.2985971943887775,0.0,0.0
1.346693386773547,0.0,0.0
1.3947895791583167,0.0,0.0
1.442885771543086,0.0,0.0
1.4909819639278556,0.0,0.0
1.5390781563126252,0.0,0.0
1.5871743486973948,0.0,0.0
1.6352705410821644,0.0,0.0
1.6833667334669338,0.0,0.0
1.7314629258517034,0.0,0.0
1.779559118236473,0.0,0.0
1.8276553106212425,0.0,0.0
1.875751503006012,0.0,0.0
1.9238476953907815,0.0,0.0
1.971943887775551,0.0,0.0
2.0200400801603204,0.0,0.0
2.06813627254509,0.0,0.0
2.1162324649298596,0.0,0.0
2.164328657314629,0.0,0.0
2.212424849699399,0.0,0.0
2.2605210420841684,0.0,0.0
2.308617234468938,0.0,0.0
2.3567134268537075,0.0,0.0
2.404809619238477,0.0,0.0
2.4529058116232463,0.0,0.0
2.501002004008016,0.0,0.0
2.5490981963927855,0.0,0.0
2.597194388777555,0.0,0.0
2.6452905811623246,0.0,0.0
2.693386773547094,0.0,0.0
2.741482965931864,0.0,0.0
2.7895791583166334,0.0,0.0
2.837675350701403,0.0,0.0
2.885771543086172,0.0,0.0
2.9338677354709417,0.0,0.0
2.9819639278557113,0.0,0.0
3.030060120240481,0.0,0.0
3.0781563126252505,0.0,0.0
3.12625250501002,0.0,0.0
3.1743486973947896,0.0,0.0
3.2224448897795592,0.0,0.0
3.270541082164329,0.0,0.0
3.318637274549098,0.0,0.0
3.3667334669338675,0.0,0.0
3.414829659318637,0.0,0.0
3.4629258517034067,0.0,0.0
3.5110220440881763,0.0,0.0
3.559118236472946,0.0,0.0
3.6072144288577155,0.0,0.0
3.655310621242485,0.0,0.0
3.7034068136272547,0.0,0.0
3.751503006012024,0.0,0.0
3.7995991983967934,0.0,0.0
3.847695390781563,0.0,0.0
3.8957915831663326,0.0,0.0
3.943887775551102,0.0,0.0
3.9919839679358717,0.0,0.0
4.040080160320641,0.0,0.0
4.0881763527054105,0.0,0.0
4.13627254509018,0.0,0.0
4.18436873747495,0.0,0.0
4.232464929859719,0.0,0.0
4.280561122244489,0.0,0.0
4.328657314629258,0.0,0.0
4.376753507014028,0.0,0.0
4.424849699398798,0.0,0.0
4.472945891783567,0.0,0.0
4.521042084168337,0.0,0.0
4.569138276553106,0.0,0.0
4.617234468937876,0.0,0.0
4.6653306613226455,0.0,0.0
4.713426853707415,0.0,0.0
4.761523046092185,0.0,0.0
4.809619238476954,0.0,0.0
4.857715430861723,0.0,0.0
4.905811623246493,0.0,0.0
4.953907815631262,0.0,0.0
5.002004008016032,0.0,0.0
5.050100200400801,0.0,0.0
5.098196392785571,0.0,0.0
5.1462925851703405,0.0,0.0
5.19438877755511,0.0,0.0
5.24248496993988,0.0,0.0
5.290581162324649,0.0,0.0
5.338677354709419,0.0,0.0
5.386773547094188,0.0,0.0
5.434869739478958,0.0,0.0
5.482965931863728,0.0,0.0
5.531062124248497,0.0,0.0
5.579158316633267,0.0,0.0
5.627254509018036,0.0,0.0
5.675350701402806,0.0,0.0
5.723446893787575,0.0,0.0
5.771543086172344,0.0,0.0
5.819639278557114,0.0,0.0
5.867735470941883,0.0,0.0
5.915831663326653,0.0,0.0
5.963927855711423,0.0,0.0
6.012024048096192,0.0,0.0
6.060120240480962,0.0,0.0
6.108216432865731,0.0,0.0
6.156312625250501,0.0,0.0
6.2044088176352705,0.0,0.0
6.25250501002004,0.0,0.0
6.30060120240481,0.0,0.0
6.348697394789579,0.0,0.0
6.396793587174349,0.0,0.0
6.4448897795591185,0.0,0.0
6.492985971943888,0.0,0.0
6.541082164328658,0.0,0.0
6.589178356713427,0.0,0.0
6.637274549098196,0.0,0.0
6.6853707414829655,0.0,0.0
6.733466933867735,0.0,0.0
6.781563126252505,0.0,0.0
6.829659318637274,0.0,0.0
6.877755511022044,0.0,0.0
6.925851703406813,0.0,0.0
6.973947895791583,0.0,0.0
7.022044088176353,0.0,0.0
7.070140280561122,0.0,0.0
7.118236472945892,0.0,0.0
7.166332665330661,0.0,0.0
7.214428857715431,0.0,0.0
7.2625250501002006,0.0,0.0
7.31062124248497,0.0,0.0
7.35871743486974,0.0,0.0
7.406813627254509,0.0,0.0
7.454909819639279,0.0,0.0
7.503006012024048,0.0,0.0
7.551102204408817,0.0,0.0
7.599198396793587,0.0,0.0
7.647294589178356,0.0,0.0
7.695390781563126,0.0,0.0
7.7434869739478955,0.0,0.0
7.791583166332665,0.0,0.0
7.839679358717435,0.0,0.0
7.887775551102204,0.0,0.0
7.935871743486974,0.0,0.0
7.9839679358717435,0.0,0.0
8.032064128256513,0.0,0.0
8.080160320641282,0.0,0.0
8.128256513026052,0.0,0.0
8.176352705410821,0.0,0.0
8.224448897795591,0.0,0.0
8.27254509018036,0.0,0.0
8.32064128256513,0.0,0.0
8.3687374749499,0.0,0.0
8.41683366733467,0.0,0.0
8.464929859719438,0.0,0.0
8.513026052104209,0.0,0.0
8.561122244488978,0.0,0.0
8.609218436873748,0.0,0.0
8.657314629258517,0.0,0.0
8.705410821643287,0.0,0.0
8.753507014028056,0.0,0.0
8.801603206412825,0.0,0.0
8.849699398797595,0.0,0.0
8.897795591182364,0.0,0.0
8.945891783567134,0.0,0.0
8.993987975951903,0.0,0.0
9.042084168336673,0.0,0.0
9.090180360721442,0.0,0.0
9.138276553106213,0.0,0.0
9.186372745490981,0.0,0.0
9.234468937875752,0.0,0.0
9.28256513026052,0.0,0.0
9.330661322645291,0.0,0.0
9.37875751503006,0.0,0.0
9.42685370741483,0.0,0.0
9.474949899799599,0.0,0.0
9.52304609218437,0.0,0.0
9.571142284569138,0.0,0.0
9.619238476953909,0.0,0.0
9.667334669338677,0.0,0.0
9.715430861723446,0.0,0.0
9.763527054108216,0.0,0.0
9.811623246492985,0.0,0.0
9.859719438877756,0.0,0.0
9.907815631262524,0.0,0.0
9.955911823647295,0.0,0.0
10.004008016032063,0.0,0.0
10.052104208416834,0.0,0.0
10.100200400801603,0.0,0.0
10.148296593186373,0.0,0.0
10.196392785571142,0.0,0.0
10.244488977955912,0.0,0.0
10.292585170340681,0.0,0.0
10.340681362725451,0.0,0.0
10.38877755511022,0.0,0.0
10.43687374749499,0.0,0.0
10.48496993987976,0.0,0.0
10.53306613226453,0.0,0.0
10.581162324649299,0.0,0.0
10.629258517034067,0.0,0.0
10.677354709418838,0.0,0.0
10.725450901803606,0.0,0.0
10.773547094188377,0.0,0.0
10.821643286573146,0.0,0.0
10.869739478957916,0.0,0.0
10.917835671342685,0.0,0.0
10.965931863727455,0.0,0.0
11.014028056112224,0.0,0.0
11.062124248496994,0.0,0.0
11.110220440881763,0.0,0.0
11.158316633266534,0.0,0.0
11.206412825651302,0.0,0.0
11.254509018036073,0.0,0.0
11.302605210420841,0.0,0.0
11.350701402805612,0.0,0.0
11.39879759519038,0.0,0.0
11.44689378757515,0.0,0.0
11.49498997995992,0.0,0.0
11.543086172344688,0.0,0.0
11.591182364729459,0.0,0.0
11.639278557114228,0.0,0.0
11.687374749498998,0.0,0.0
11.735470941883767,0.0,0.0
11.783567134268537,0.0,0.0
11.831663326653306,0.0,0.0
11.879759519038076,0.0,0.0
11.927855711422845,0.0,0.0
11.975951903807616,0.0,0.0
12.024048096192384,0.0,0.0
12.072144288577155,0.0,0.0
12.120240480961924,0.0,0.0
12.168336673346694,0.0,0.0
12.216432865731463,0.0,0.0
12.264529058116233,0.0,0.0
12.312625250501002,0.0,0.0
12.36072144288577,0.0,0.0
12.408817635270541,0.0,0.0
12.45691382765531,0.0,0.0
12.50501002004008,0.0,0.0
12.553106212424849,0.0,0.0
12.60120240480962,0.0,0.0
12.649298597194388,0.0,0.0
12.697394789579159,0.0,0.0
12.745490981963927,0.0,0.0
12.793587174348698,0.0,0.0
12.841683366733466,0.0,0.0
12.889779559118237,0.0,0.0
12.937875751503006,0.0,0.0
12.985971943887776,0.0,0.0
13.034068136272545,0.0,0.0
13.082164328657315,0.0,0.0
13.130260521042084,0.0,0.0
13.178356713426854,0.0,0.0
13.226452905811623,0.0,0.0
13.274549098196392,0.0,0.0
13.322645290581162,0.0,0.0
13.370741482965931,0.0,0.0
13.418837675350701,0.0,0.0
13.46693386773547,0.0,0.0
13.51503006012024,0.0,0.0
13.56312625250501,0.0,0.0
13.61122244488978,0.0,0.0
13.659318637274549,0.0,0.0
13.707414829659319,0.0,0.0
13.755511022044088,0.0,0.0
13.803607214428858,0.0,0.0
13.851703406813627,0.0,0.0
13.899799599198397,0.0,0.0
13.947895791583166,0.0,0.0
13.995991983967937,0.0,0.0
14.044088176352705,0.0,0.0
14.092184368737474,0.0,0.0
14.140280561122244,0.0,0.0
14.188376753507013,0.0,0.0
14.236472945891784,0.0,0.0
14.284569138276552,0.0,0.0
14.332665330661323,0.0,0.0
14.380761523046091,0.0,0.0
14.428857715430862,0.0,0.0
14.47695390781563,0.0,0.0
14.525050100200401,0.0,0.0
14.57314629258517,0.0,0.0
14.62124248496994,0.0,0.0
14.669338677354709,0.0,0.0
14.71743486973948,0.0,0.0
14.765531062124248,0.0,0.0
14.813627254509019,0.0,0.0
14.861723446893787,0.0,0.0
14.909819639278558,0.0,0.0
14.957915831663327,0.0,0.0
15.006012024048095,0.0,0.0
15.054108216432866,0.0,0.0
15.102204408817634,0.0,0.0
15.150300601202405,0.0,0.0
15.198396793587174,0.0,0.0
15.246492985971944,0.0,0.0
15.294589178356713,0.0,0.0
15.342685370741483,0.0,0.0
15.390781563126252,0.0,0.0
15.438877755511022,0.0,0.0
15.486973947895791,0.0,0.0
15.535070140280562,0.0,0.0
15.58316633266533,0.0,0.0
15.6312625250501,0.0,0.0
15.67935871743487,0.0,0.0
15.72745490981964,0.0,0.0
15.775551102204409,0.0,0.0
15.823647294589179,0.0,0.0
15.871743486973948,0.0,0.0
15.919839679358716,0.0,0.0
15.967935871743487,0.0,0.0
16.016032064128257,0.0,0.0
16.064128256513026,0.0,0.0
16.112224448897795,0.0,0.0
16.160320641282564,0.0,0.0
16.208416833667336,0.0,0.0
16.256513026052104,0.0,0.0
16.304609218436873,0.0,0.0
16.352705410821642,0.0,0.0
16.400801603206414,0.0,0.0
16.448897795591183,0.0,0.0
16.49699398797595,0.0,0.0
16.54509018036072,0.0,0.0
16.593186372745492,0.0,0.0
16.64128256513026,0.0,0.0
16.68937875751503,0.0,0.0
16.7374749498998,0.0,0.0
16.785571142284567,0.0,0.0
16.83366733466934,0.0,0.0
16.881763527054108,0.0,0.0
16.929859719438877,0.0,0.0
16.977955911823646,0.0,0.0
17.026052104208418,0.0,0.0
17.074148296593187,0.0,0.0
17.122244488977955,0.0,0.0
17.170340681362724,0.0,0.0
17.218436873747496,0.0,0.0
17.266533066132265,0.0,0.0
17.314629258517034,0.0,0.0
17.362725450901802,0.0,0.0
17.410821643286575,0.0,0.0
17.458917835671343,0.0,0.0
17.507014028056112,0.0,0.0
17.55511022044088,0.0,0.0
17.60320641282565,0.0,0.0
17.65130260521042,0.0,0.0
17.69939879759519,0.0,0.0
17.74749498997996,0.0,0.0
17.795591182364728,0.0,0.0
17.8436873747495,0.0,0.0
17.89178356713427,0.0,0.0
17.939879759519037,0.0,0.0
17.987975951903806,0.0,0.0
18.03607214428858,0.0,0.0
18.084168336673347,0.0,0.0
18.132264529058116,0.0,0.0
18.180360721442884,0.0,0.0
18.228456913827657,0.0,0.0
18.276553106212425,0.0,0.0
18.324649298597194,0.0,0.0
18.372745490981963,0.0,0.0
18.420841683366735,0.0,0.0
18.468937875751504,0.0,0.0
18.517034068136272,0.0,0.0
18.56513026052104,0.0,0.0
18.61322645290581,0.0,0.0
18.661322645290582,0.0,0.0
18.70941883767535,0.0,0.0
18.75751503006012,0.0,0.0
18.805611222444888,0.0,0.0
18.85370741482966,0.0,0.0
18.90180360721443,0.0,0.0
18.949899799599198,0.0,0.0
18.997995991983966,0.0,0.0
19.04609218436874,0.0,0.0
19.094188376753507,0.0,0.0
19.142284569138276,0.0,0.0
19.190380761523045,0.0,0.0
19.238476953907817,0.0,0.0
19.286573146292586,0.0,0.0
19.334669338677354,0.0,0.0
19.382765531062123,0.0,0.0
19.430861723446892,0.0,0.0
19.478957915831664,0.0,0.0
19.527054108216433,0.0,0.0
19.5751503006012,0.0,0.0
19.62324649298597,0.0,0.0
19.671342685370742,0.0,0.0
19.71943887775551,0.0,0.0
19.76753507014028,0.0,0.0
19.81563126252505,0.0,0.0
19.86372745490982,0.0,0.0
19.91182364729459,0.0,0.0
19.95991983967936,0.0,0.0
20.008016032064127,0.0,0.0
20.0561122244489,0.0,0.0
20.104208416833668,0.0,0.0
20.152304609218437,0.0,0.0
20.200400801603205,0.0,0.0
20.248496993987974,0.0,0.0
20.296593186372746,0.0,0.0
20.344689378757515,0.0,0.0
20.392785571142284,0.0,0.0
20.440881763527052,0.0,0.0
20.488977955911825,0.0,0.0
20.537074148296593,0.0,0.0
20.585170340681362,0.0,0.0
20.63326653306613,0.0,0.0
20.681362725450903,0.0,0.0
20.72945891783567,0.0,0.0
20.77755511022044,0.0,0.0
20.82565130260521,0.0,0.0
20.87374749498998,0.0,0.0
20.92184368737475,0.0,0.0
20.96993987975952,0.0,0.0
21.018036072144287,0.0,0.0
21.06613226452906,0.0,0.0
21.11422845691383,0.0,0.0
21.162324649298597,0.0,0.0
21.210420841683366,0.0,0.0
21.258517034068134,0.0,0.0
21.306613226452907,0.0,0.0
21.354709418837675,0.0,0.0
21.402805611222444,0.0,0.0
21.450901803607213,0.0,0.0
21.498997995991985,0.0,0.0
21.547094188376754,0.0,0.0
21.595190380761522,0.0,0.0
21.64328657314629,0.0,0.0
21.691382765531063,0.0,0.0
21.739478957915832,0.0,0.0
21.7875751503006,0.0,0.0
21.83567134268537,0.0,0.0
21.88376753507014,0.0,0.0
21.93186372745491,0.0,0.0
21.97995991983968,0.0,0.0
22.028056112224448,0.0,0.0
22.076152304609217,0.0,0.0
22.12424849699399,0.0,0.0
22.172344689378757,0.0,0.0
22.220440881763526,0.0,0.0
22.268537074148295,0.0,0.0
22.316633266533067,0.0,0.0
22.364729458917836,0.0,0.0
22.412825651302605,0.0,0.0
22.460921843687373,0.0,0.0
22.509018036072145,0.0,0.0
22.557114228456914,0.0,0.0
22.605210420841683,0.0,0.0
22.65330661322645,0.0,0.0
22.701402805611224,0.0,0.0
22.749498997995993,0.0,0.0
22.79759519038076,0.0,0.0
22.84569138276553,0.0,0.0
22.8937875751503,0.0,0.0
22.94188376753507,0.0,0.0
22.98997995991984,0.0,0.0
23.03807615230461,0.0,0.0
23.086172344689377,0.0,0.0
23.13426853707415,0.0,0.0
23.182364729458918,0.0,0.0
23.230460921843687,0.0,0.0
23.278557114228455,0.0,0.0
23.326653306613228,0.0,0.0
23.374749498997996,0.0,0.0
23.422845691382765,0.0,0.0
23.470941883767534,0.0,0.0
23.519038076152306,0.0,0.0
23.567134268537075,0.0,0.0
23.615230460921843,0.0,0.0
23.663326653306612,0.0,0.0
23.711422845691384,0.0,0.0
23.759519038076153,0.0,0.0
23.80761523046092,0.0,0.0
23.85571142284569,0.0,0.0
23.90380761523046,0.0,0.0
23.95190380761523,0.0,0.0
24.0,0.0,0.0
